family,backend,keep_rate,n,accuracy,agree_with_ref,needle_retained_rate,accuracy_given_needle_retained,n_needle_retained,keep_rate_effective,scorer_ms,target_prompt_ms,net_ttft_ms,speedup_vs_full
niah_single,none,1.0,9,1.0,1.0,1.0,1.0,9,1.0,0.0,35026.27733333333,35026.27733333333,1.0
niah_multi,none,1.0,9,0.7777777777777778,1.0,1.0,0.7777777777777778,9,1.0,0.0,35102.095111111106,35102.095111111106,1.0
niah_distractor,none,1.0,9,1.0,1.0,1.0,1.0,9,1.0,0.0,35080.124444444446,35080.124444444446,1.0
repoqa,none,1.0,9,0.8888888888888888,1.0,0.8888888888888888,1.0,8,1.0,0.0,39729.42677777778,39729.42677777778,1.0
summ_probe,none,1.0,9,1.0,1.0,1.0,1.0,9,1.0,0.0,36085.57133333333,36085.57133333333,1.0
niah_single,last,0.5,9,0.7777777777777778,0.7777777777777778,0.7777777777777778,1.0,7,0.5454765751009315,474.1364899608824,18029.067777777775,18503.20426773866,1.8298760746947247
niah_single,last,0.35,9,0.6666666666666666,0.6666666666666666,0.6666666666666666,1.0,6,0.40841721298436007,468.9205310617884,13176.658,13645.578531061787,2.4460918423472133
niah_single,last,0.25,9,0.6666666666666666,0.6666666666666666,0.6666666666666666,1.0,6,0.3170533075963327,468.35251887225445,10028.107,10496.459518872254,3.1437704471893597
niah_single,last,0.15,9,0.4444444444444444,0.4444444444444444,0.4444444444444444,1.0,4,0.2272479569590501,467.98648964613676,6954.015666666667,7422.002156312804,4.377308928116427
niah_single,last,0.1,9,0.8888888888888888,0.8888888888888888,0.8888888888888888,1.0,8,0.1812660495910597,465.64696077257395,5427.899222222221,5893.546182994795,5.480358377978227
niah_single,random,0.5,9,0.7777777777777778,0.7777777777777778,0.7777777777777778,1.0,7,0.569442753445121,466.9140674587753,18820.936777777777,19287.85084523655,1.7594678396080363
niah_single,random,0.35,9,0.7777777777777778,0.7777777777777778,0.7777777777777778,1.0,7,0.42931344762434326,462.1079232957628,13861.72288888889,14323.830812184653,2.3364235510544087
niah_single,random,0.25,9,1.0,1.0,1.0,1.0,9,0.3324152967736491,470.021003857255,10506.113444444441,10976.134448301696,3.012460031383932
niah_single,random,0.15,9,0.7777777777777778,0.7777777777777778,0.7777777777777778,1.0,7,0.2370940676027342,470.25924858947593,7272.638888888889,7742.898137478365,4.2102563952880505
niah_single,random,0.1,9,0.7777777777777778,0.7777777777777778,0.7777777777777778,1.0,7,0.18921291288855085,473.0052108772927,5647.941,6120.946210877292,5.283607176722696
niah_single,lexical,0.5,9,1.0,1.0,1.0,1.0,9,0.5438808668662085,470.7614237235652,17973.358,18444.119423723565,1.837238847986149
niah_single,lexical,0.35,9,1.0,1.0,1.0,1.0,9,0.4086346473154089,473.55237717015876,13172.453666666666,13646.006043836825,2.4467244081865482
niah_single,lexical,0.25,9,1.0,1.0,1.0,1.0,9,0.31708726292381395,476.0522632342246,10025.705555555556,10501.757818789782,3.1392069594185976
niah_single,lexical,0.15,9,1.0,1.0,1.0,1.0,9,0.2257803437740411,469.1795077588823,6915.234222222222,7384.4137299811055,4.4026975127644965
niah_single,lexical,0.1,9,1.0,1.0,1.0,1.0,9,0.1813879208357133,471.19157916555804,5418.245888888889,5889.437468054446,5.484901577910625
niah_single,embed,0.5,9,1.0,1.0,1.0,1.0,9,0.5677344857687492,767.0324187104901,18777.23488888889,19544.26730759938,1.735321570055249
niah_single,embed,0.35,9,1.0,1.0,1.0,1.0,9,0.42806836304604956,738.1443286107647,13815.024666666668,14553.168995277432,2.301111722750647
niah_single,embed,0.25,9,1.0,1.0,1.0,1.0,9,0.3332270584475928,740.93399496956,10534.66411111111,11275.59810608067,2.9354493321626762
niah_single,embed,0.15,9,1.0,1.0,1.0,1.0,9,0.23724553081259098,744.5718977186415,7273.069444444444,8017.641342163086,4.068157055894279
niah_single,embed,0.1,9,1.0,1.0,1.0,1.0,9,0.1885134643138323,737.1788351900047,5651.784555555556,6388.963390745561,5.065254478691802
niah_single,hybrid,0.5,9,1.0,1.0,1.0,1.0,9,0.5677344857687492,741.1834428914719,18775.81788888889,19517.001331780357,1.7394530143761517
niah_single,hybrid,0.35,9,1.0,1.0,1.0,1.0,9,0.42806836304604956,739.9503818402687,13815.036222222221,14554.98660406249,2.300764898366487
niah_single,hybrid,0.25,9,1.0,1.0,1.0,1.0,9,0.3332270584475928,740.3641092694468,10535.358888888886,11275.722998158333,2.935207020560317
niah_single,hybrid,0.15,9,1.0,1.0,1.0,1.0,9,0.23724553081259098,742.0418077251977,7274.7827777777775,8016.824585502975,4.067926720709813
niah_single,hybrid,0.1,9,1.0,1.0,1.0,1.0,9,0.1885134643138323,740.5490717954106,5651.527444444444,6392.076516239855,5.062280828601341
niah_multi,last,0.5,9,0.5555555555555556,0.2222222222222222,0.6666666666666666,0.8333333333333334,6,0.5457631576133521,474.8490290302369,17994.149777777777,18468.998806808013,1.8405132283222538
niah_multi,last,0.35,9,0.4444444444444444,0.2222222222222222,0.4444444444444444,1.0,4,0.4086824390012055,474.03657405326766,13144.624777777779,13618.661351831046,2.46069512536261
niah_multi,last,0.25,9,0.2222222222222222,0.1111111111111111,0.3333333333333333,0.6666666666666666,3,0.31832872695944037,479.50210898286764,10023.904444444444,10503.406553427312,3.1490465201268227
niah_multi,last,0.15,9,0.3333333333333333,0.1111111111111111,0.4444444444444444,0.75,4,0.22728842115197928,473.2307671672768,6916.996222222222,7390.226989389499,4.411188894746115
niah_multi,last,0.1,9,0.4444444444444444,0.2222222222222222,0.4444444444444444,1.0,4,0.18153269117898374,478.96517626941204,5409.8351111111115,5888.8002873805235,5.50433372338177
niah_multi,random,0.5,9,0.7777777777777778,0.5555555555555556,0.7777777777777778,1.0,7,0.5696174104409414,474.83736069666014,18777.97266666667,19252.810027363328,1.7689368252464064
niah_multi,random,0.35,9,0.4444444444444444,0.3333333333333333,0.4444444444444444,1.0,4,0.4294291547391658,476.17980599817304,13818.741888888888,14294.921694887062,2.3502119141793827
niah_multi,random,0.25,9,0.3333333333333333,0.2222222222222222,0.3333333333333333,1.0,3,0.3336305197349702,473.42599566198055,10512.796666666669,10986.222662328648,3.018211844794343
niah_multi,random,0.15,9,0.2222222222222222,0.1111111111111111,0.3333333333333333,0.6666666666666666,3,0.23803569535936486,474.25711310158175,7295.691555555556,7769.948668657137,4.2066884242272256
niah_multi,random,0.1,9,0.4444444444444444,0.3333333333333333,0.4444444444444444,1.0,4,0.1892307460565725,476.5083822939131,5664.556333333333,6141.064715627246,5.281873328830091
niah_multi,lexical,0.5,9,0.8888888888888888,0.5555555555555556,1.0,0.8888888888888888,9,0.5452016142257765,482.6812350915538,17992.376333333334,18475.057568424887,1.8399207386159928
niah_multi,lexical,0.35,9,1.0,0.7777777777777778,1.0,1.0,9,0.40857543821317543,480.93485614905757,13156.748333333333,13637.683189482392,2.4578535135577098
niah_multi,lexical,0.25,9,1.0,0.6666666666666666,1.0,1.0,9,0.31676135990569537,480.75199447986154,9974.653555555555,10455.405550035417,3.164781822361614
niah_multi,lexical,0.15,9,1.0,0.6666666666666666,1.0,1.0,9,0.2276244523756115,483.71037944323484,6927.919333333334,7411.629712776568,4.397854771082171
niah_multi,lexical,0.1,9,1.0,0.5555555555555556,1.0,1.0,9,0.18153568046243526,483.6451562328471,5407.267555555555,5890.912711788402,5.501889520199556
niah_multi,embed,0.5,9,0.7777777777777778,0.3333333333333333,1.0,0.7777777777777778,9,0.5677859722831022,750.6119239454468,18743.19977777778,19493.811701723225,1.7496901105772682
niah_multi,embed,0.35,9,0.8888888888888888,0.4444444444444444,1.0,0.8888888888888888,9,0.4297094015245329,744.9906961992383,13857.06,14602.050696199236,2.304465646949277
niah_multi,embed,0.25,9,1.0,0.4444444444444444,1.0,1.0,9,0.3346946395592928,750.6091566756368,10535.40711111111,11286.016267786747,2.9409244084449195
niah_multi,embed,0.15,9,0.8888888888888888,0.5555555555555556,1.0,0.8888888888888888,9,0.2377100651682712,745.9004204720259,7259.100000000001,8005.000420472027,4.086666499416788
niah_multi,embed,0.1,9,1.0,0.5555555555555556,1.0,1.0,9,0.18920040077606254,748.2864496608576,5633.892555555555,6382.179005216412,5.087510145315789
niah_multi,hybrid,0.5,9,0.7777777777777778,0.3333333333333333,1.0,0.7777777777777778,9,0.5677859722831022,750.4695178940892,18744.349666666665,19494.819184560754,1.7500065349110079
niah_multi,hybrid,0.35,9,0.8888888888888888,0.4444444444444444,1.0,0.8888888888888888,9,0.4297094015245329,748.3607284310791,13858.116333333333,14606.477061764412,2.3034187292682287
niah_multi,hybrid,0.25,9,1.0,0.4444444444444444,1.0,1.0,9,0.3346946395592928,751.2344168499112,10534.721444444445,11285.955861294357,2.940896813133564
niah_multi,hybrid,0.15,9,0.8888888888888888,0.5555555555555556,1.0,0.8888888888888888,9,0.2377100651682712,752.7869163701931,7257.927666666666,8010.714583036858,4.084101596206163
niah_multi,hybrid,0.1,9,1.0,0.5555555555555556,1.0,1.0,9,0.18920040077606254,750.4241479974654,5634.281111111111,6384.705259108578,5.085566355319664
niah_distractor,last,0.5,9,0.6666666666666666,0.6666666666666666,0.6666666666666666,1.0,6,0.5473766023326481,478.6889645167523,18012.784444444445,18491.473408961196,1.836167295600326
niah_distractor,last,0.35,9,0.4444444444444444,0.4444444444444444,0.4444444444444444,1.0,4,0.4116680846464464,482.307346434229,13220.150888888887,13702.458235323116,2.440940228454133
niah_distractor,last,0.25,9,0.3333333333333333,0.3333333333333333,0.3333333333333333,1.0,3,0.3211611662651545,478.2406378330456,10079.026666666667,10557.267304499712,3.1295385663021538
niah_distractor,last,0.15,9,0.3333333333333333,0.3333333333333333,0.3333333333333333,1.0,3,0.23055779528954604,475.79060236199035,6988.095111111111,7463.8857134731015,4.364955929090383
niah_distractor,last,0.1,9,0.4444444444444444,0.4444444444444444,0.4444444444444444,1.0,4,0.1847761183090162,479.5769960102108,5477.808222222223,5957.3852182324335,5.437413531312681
niah_distractor,random,0.5,9,0.7777777777777778,0.7777777777777778,0.7777777777777778,1.0,7,0.572183908034987,474.2864269970192,18823.25288888889,19297.539315885908,1.7628529283088519
niah_distractor,random,0.35,9,0.7777777777777778,0.7777777777777778,0.7777777777777778,1.0,7,0.4322566842098064,481.52519814256163,13871.643888888888,14353.16908703145,2.3352281535309616
niah_distractor,random,0.25,9,0.6666666666666666,0.6666666666666666,0.6666666666666666,1.0,6,0.3376032388903561,476.78891176150904,10593.817555555557,11070.606467317066,2.990319780847259
niah_distractor,random,0.15,9,0.5555555555555556,0.5555555555555556,0.5555555555555556,1.0,5,0.24150238571365934,477.588611551457,7366.649444444444,7844.238055995902,4.160730209985609
niah_distractor,random,0.1,9,0.5555555555555556,0.5555555555555556,0.5555555555555556,1.0,5,0.1922713583461365,479.5613745227456,5719.852,6199.4133745227455,5.228234699944704
niah_distractor,lexical,0.5,9,1.0,1.0,1.0,1.0,9,0.5469391512512938,482.07608579347533,18007.669,18489.745085793475,1.8366980774251838
niah_distractor,lexical,0.35,9,1.0,1.0,1.0,1.0,9,0.4098095795616574,481.5568904288941,13181.448777777778,13663.005668206672,2.4514543641736015
niah_distractor,lexical,0.25,9,1.0,1.0,1.0,1.0,9,0.3218473103770061,479.7094552260306,10088.669222222221,10568.37867744825,3.1242775648105536
niah_distractor,lexical,0.15,9,1.0,1.0,1.0,1.0,9,0.23061533835734702,484.17401427610054,6995.609666666667,7479.783680942766,4.354505587361456
niah_distractor,lexical,0.1,9,1.0,1.0,1.0,1.0,9,0.18476891770640985,482.7718748193648,5481.186666666667,5963.95854148603,5.431442935741131
niah_distractor,embed,0.5,9,1.0,1.0,1.0,1.0,9,0.5710479967727511,759.7796570302712,18814.278444444444,19574.058101474715,1.7393806505929768
niah_distractor,embed,0.35,9,1.0,1.0,1.0,1.0,9,0.4317373043351366,748.2382772076461,13874.752333333332,14622.990610540981,2.2960351553201446
niah_distractor,embed,0.25,9,1.0,1.0,1.0,1.0,9,0.3372808503494641,745.4532760505875,10601.464,11346.917276050584,2.923138540820608
niah_distractor,embed,0.15,9,1.0,0.8888888888888888,1.0,1.0,9,0.24103121233834837,750.5346136167645,7329.810666666667,8080.345280283432,4.043175951692702
niah_distractor,embed,0.1,9,1.0,1.0,1.0,1.0,9,0.1925343494243249,752.1508070122865,5721.221333333333,6473.372140345619,5.013146903570932
niah_distractor,hybrid,0.5,9,1.0,1.0,1.0,1.0,9,0.5710479967727511,757.8879610324899,18813.788,19571.67596103249,1.739707208666739
niah_distractor,hybrid,0.35,9,1.0,1.0,1.0,1.0,9,0.4317373043351366,756.7694908421901,13873.353333333333,14630.122824175523,2.2950590058857583
niah_distractor,hybrid,0.25,9,1.0,1.0,1.0,1.0,9,0.3372808503494641,754.2786347783274,10601.717222222222,11355.99585700055,2.921262930630435
niah_distractor,hybrid,0.15,9,1.0,0.8888888888888888,1.0,1.0,9,0.24103121233834837,753.0384645279911,7332.333666666666,8085.372131194657,4.040538729163078
niah_distractor,hybrid,0.1,9,1.0,1.0,1.0,1.0,9,0.1925343494243249,755.9361319161123,5720.5074444444435,6476.443576360556,5.011382231014207
repoqa,last,0.5,9,0.5555555555555556,0.6666666666666666,0.5555555555555556,1.0,5,0.5389677128358703,1477.498247495128,20071.891555555558,21549.389803050683,1.7955088220686042
repoqa,last,0.35,9,0.2222222222222222,0.3333333333333333,0.2222222222222222,1.0,2,0.4004249511868225,1474.2297398754292,14554.302555555556,16028.532295430985,2.3840825259544522
repoqa,last,0.25,9,0.2222222222222222,0.3333333333333333,0.2222222222222222,1.0,2,0.3086147122544612,1466.208689328697,10979.077333333333,12445.28602266203,3.0378129123660234
repoqa,last,0.15,9,0.2222222222222222,0.2222222222222222,0.2222222222222222,1.0,2,0.21593350421640223,1469.215505859918,7470.9226666666655,8940.138172526586,4.170076259763105
repoqa,last,0.1,9,0.2222222222222222,0.2222222222222222,0.2222222222222222,1.0,2,0.16979069852174866,1454.7757469117641,5741.830666666666,7196.60641357843,5.141546535165453
repoqa,random,0.5,9,0.6666666666666666,0.7777777777777778,0.6666666666666666,1.0,6,0.6224221678795068,1464.2296956024236,23301.985,24766.214695602423,1.5785134319596903
repoqa,random,0.35,9,0.5555555555555556,0.5555555555555556,0.5555555555555556,1.0,5,0.474792022853573,1468.3225316305954,17334.73322222222,18803.055753852816,2.055406620273275
repoqa,random,0.25,9,0.5555555555555556,0.5555555555555556,0.5555555555555556,1.0,5,0.367279382735368,1475.8830610662699,13144.079222222223,14619.96228328849,2.6159241318560977
repoqa,random,0.15,9,0.3333333333333333,0.3333333333333333,0.3333333333333333,1.0,3,0.2590088279092101,1463.8885658027398,8976.92488888889,10440.81345469163,3.597743516616796
repoqa,random,0.1,9,0.2222222222222222,0.2222222222222222,0.2222222222222222,1.0,2,0.19902583870668675,1465.9708363728391,6782.284888888888,8248.255725261728,4.511648023616339
repoqa,lexical,0.5,9,0.8888888888888888,0.8888888888888888,0.8888888888888888,1.0,8,0.538867584951086,1473.0832733006941,20063.899222222222,21536.982495522916,1.7975484221101712
repoqa,lexical,0.35,9,0.8888888888888888,0.8888888888888888,0.8888888888888888,1.0,8,0.4004082760720226,1469.9604996583528,14560.265333333335,16030.225832991688,2.3836431963974105
repoqa,lexical,0.25,9,0.8888888888888888,0.8888888888888888,0.8888888888888888,1.0,8,0.30856297808823613,1465.6464116026957,10985.14477777778,12450.791189380476,3.0349200791773265
repoqa,lexical,0.15,9,0.8888888888888888,0.8888888888888888,0.8888888888888888,1.0,8,0.21655970125936472,1476.4655228290294,7501.944888888889,8978.410411717918,4.15199522018741
repoqa,lexical,0.1,9,0.8888888888888888,0.8888888888888888,0.8888888888888888,1.0,8,0.17005083049613215,1475.3262399592334,5745.0891111111105,7220.415351070344,5.125168541443117
repoqa,embed,0.5,9,0.8888888888888888,1.0,0.8888888888888888,1.0,8,0.6173206188378817,2119.5953387974037,23138.92844444445,25258.52378324185,1.5507827090213597
repoqa,embed,0.35,9,0.8888888888888888,1.0,0.8888888888888888,1.0,8,0.457801647621248,2111.057350722452,16889.918,19000.975350722452,2.0489356406395114
repoqa,embed,0.25,9,0.8888888888888888,1.0,0.8888888888888888,1.0,8,0.3461762715564794,2106.9310505150092,12586.600222222223,14693.531272737231,2.624585545048417
repoqa,embed,0.15,9,0.8888888888888888,1.0,0.8888888888888888,1.0,8,0.23397213419855717,2116.4024122473265,8237.905777777778,10354.308190025105,3.652594403425595
repoqa,embed,0.1,9,0.8888888888888888,1.0,0.8888888888888888,1.0,8,0.17921289440175278,2110.870387715598,6102.023444444445,8212.893832160042,4.5358161763521565
repoqa,hybrid,0.5,9,0.8888888888888888,1.0,0.8888888888888888,1.0,8,0.6172657897675086,2112.192795922359,23137.183222222222,25249.376018144583,1.5517093821187233
repoqa,hybrid,0.35,9,0.8888888888888888,1.0,0.8888888888888888,1.0,8,0.457801647621248,2123.525714708699,16888.37577777778,19011.901492486475,2.0480711045417235
repoqa,hybrid,0.25,9,0.8888888888888888,1.0,0.8888888888888888,1.0,8,0.3461762715564794,2116.987795362042,12586.637999999999,14703.625795362042,2.623273945892957
repoqa,hybrid,0.15,9,0.8888888888888888,1.0,0.8888888888888888,1.0,8,0.23397213419855717,2115.1598116589917,8237.812111111112,10352.971922770104,3.6535618766105062
repoqa,hybrid,0.1,9,0.8888888888888888,1.0,0.8888888888888888,1.0,8,0.17921289440175278,2115.5951622252664,6102.7266666666665,8218.321828891934,4.532704964180037
summ_probe,last,0.5,9,0.6666666666666666,0.6666666666666666,0.6666666666666666,1.0,6,0.5423466304955512,532.3224890356263,18415.255444444443,18947.57793348007,1.8504809750278934
summ_probe,last,0.35,9,0.3333333333333333,0.3333333333333333,0.3333333333333333,1.0,3,0.40906250320208604,537.9916639584634,13542.125444444444,14080.117108402908,2.4520910032358603
summ_probe,last,0.25,9,0.3333333333333333,0.3333333333333333,0.3333333333333333,1.0,3,0.3196350100794608,529.3580068068372,10344.637111111113,10873.995117917948,3.1362444035341253
summ_probe,last,0.15,9,0.3333333333333333,0.3333333333333333,0.3333333333333333,1.0,3,0.2271414486662822,528.8756044788493,7132.766555555555,7661.642160034404,4.3951023288606335
summ_probe,last,0.1,9,0.2222222222222222,0.2222222222222222,0.3333333333333333,0.6666666666666666,3,0.18040638401208398,527.017155662179,5568.7335555555555,6095.7507112177345,5.500461909545978
summ_probe,random,0.5,9,0.6666666666666666,0.6666666666666666,0.4444444444444444,1.0,4,0.5573878668397062,528.1701889923877,18860.89022222222,19389.06041121461,1.8055100965904296
summ_probe,random,0.35,9,0.4444444444444444,0.4444444444444444,0.3333333333333333,0.3333333333333333,3,0.4176735554964451,529.3616527277562,13850.599777777776,14379.961430505533,2.409296036734485
summ_probe,random,0.25,9,0.3333333333333333,0.3333333333333333,0.3333333333333333,0.3333333333333333,3,0.3282144261597812,531.8673535560569,10607.357222222223,11139.22457577828,3.0625391294563884
summ_probe,random,0.15,9,0.2222222222222222,0.2222222222222222,0.3333333333333333,0.6666666666666666,3,0.2341543110220108,529.8274310512675,7342.479777777778,7872.3072088290455,4.2819630885945275
summ_probe,random,0.1,9,0.2222222222222222,0.2222222222222222,0.1111111111111111,1.0,1,0.18511812340818076,532.8014279819197,5702.513666666667,6235.315094648588,5.374317986559948
summ_probe,lexical,0.5,9,1.0,1.0,1.0,1.0,9,0.5494528990141625,528.3403342796696,18570.765333333333,19099.105667613003,1.8316697679998764
summ_probe,lexical,0.35,9,1.0,1.0,1.0,1.0,9,0.41433330846010785,534.7243250451154,13646.055333333334,14180.77965837845,2.431218205958427
summ_probe,lexical,0.25,9,1.0,1.0,1.0,1.0,9,0.3244960902495999,536.5803005794684,10465.692777777778,11002.273078357246,3.098021084352796
summ_probe,lexical,0.15,9,0.8888888888888888,0.8888888888888888,1.0,0.8888888888888888,9,0.23243753297584865,538.8959711417556,7277.833999999999,7816.7299711417545,4.309115494801919
summ_probe,lexical,0.1,9,0.6666666666666666,0.6666666666666666,1.0,0.6666666666666666,9,0.18428556785545502,534.6784853479928,5700.832777777778,6235.51126312577,5.37737520472098
summ_probe,embed,0.5,9,0.8888888888888888,0.8888888888888888,0.8888888888888888,1.0,8,0.5572236548319379,695.5596517978443,18894.849555555556,19590.4092073534,1.7903060061503195
summ_probe,embed,0.35,9,0.7777777777777778,0.7777777777777778,0.8888888888888888,0.875,8,0.42071752938824947,693.2996552851465,13925.397111111111,14618.69676639626,2.365106174692804
summ_probe,embed,0.25,9,0.7777777777777778,0.7777777777777778,0.6666666666666666,0.8333333333333334,6,0.3292538671662848,697.2087360918522,10658.888333333332,11356.097069425185,3.009527379567734
summ_probe,embed,0.15,9,0.2222222222222222,0.2222222222222222,0.2222222222222222,1.0,2,0.23279325275604412,702.173031349149,7319.053777777777,8021.226809126926,4.207231710200805
summ_probe,embed,0.1,9,0.2222222222222222,0.2222222222222222,0.2222222222222222,1.0,2,0.1863891572698576,695.60555772235,5738.666777777778,6434.272335500128,5.21099475119424
summ_probe,hybrid,0.5,9,1.0,1.0,1.0,1.0,9,0.5572642740047201,699.3522489857343,18889.701222222226,19589.053471207957,1.7909319638233252
summ_probe,hybrid,0.35,9,1.0,1.0,1.0,1.0,9,0.41884051280258294,698.8500111425916,13859.293222222223,14558.143233364814,2.3773417265331602
summ_probe,hybrid,0.25,9,1.0,1.0,1.0,1.0,9,0.32781288686307064,700.281706535154,10592.130000000001,11292.411706535155,3.024228849982428
summ_probe,hybrid,0.15,9,0.8888888888888888,0.8888888888888888,1.0,0.8888888888888888,9,0.23401867257205847,705.9119004342291,7351.709666666667,8057.621567100896,4.185279607379919
summ_probe,hybrid,0.1,9,0.7777777777777778,0.7777777777777778,1.0,0.7777777777777778,9,0.18555336956011792,702.2648858320382,5702.481222222223,6404.746108054261,5.238534610108864
